{"id": 7073, "report_data": [{"contract_id": 22203060, "contract_label": "cBTC 2021-12-31 Put $15,000.00", "open_interest": 20, "contract_type": "options_contract", "last_ask": 704000, "last_bid": 561000, "vwap": 0, "volume": 0, "contract_is_call": false}, {"contract_id": 22202075, "contract_label": "cBTC 2021-12-31 Call $50,000.00", "open_interest": 32328, "contract_type": "options_contract", "last_ask": 155000, "last_bid": 44000, "vwap": 156085.0, "volume": 155, "contract_is_call": true}, {"contract_id": 22202078, "contract_label": "cBTC 2021-12-31 Put $25,000.00", "open_interest": 19, "contract_type": "options_contract", "last_ask": 1530000, "last_bid": 1380000, "vwap": 0, "volume": 0, "contract_is_call": false}, {"contract_id": 22202076, "contract_label": "cBTC 2021-12-31 Put $50,000.00", "open_interest": 17, "contract_type": "options_contract", "last_ask": 3840000, "last_bid": 3710000, "vwap": 0, "volume": 0, "contract_is_call": false}, {"contract_id": 22202080, "contract_label": "cBTC 2021-12-31 Put $10,000.00", "open_interest": 151, "contract_type": "options_contract", "last_ask": 363000, "last_bid": 226000, "vwap": 0, "volume": 0, "contract_is_call": false}, {"contract_id": 22202079, "contract_label": "cBTC 2021-12-31 Call $10,000.00", "open_interest": 5266, "contract_type": "options_contract", "last_ask": 622000, "last_bid": 488000, "vwap": 566600.0, "volume": 15, "contract_is_call": true}, {"contract_id": 22203059, "contract_label": "cBTC 2021-12-31 Call $15,000.00", "open_interest": 5045, "contract_type": "options_contract", "last_ask": 489000, "last_bid": 347000, "vwap": 470447.99999999994, "volume": 69, "contract_is_call": true}, {"contract_id": 22202077, "contract_label": "cBTC 2021-12-31 Call $25,000.00", "open_interest": 45087, "contract_type": "options_contract", "last_ask": 334000, "last_bid": 189000, "vwap": 279065.0, "volume": 147, "contract_is_call": true}, {"contract_id": 21786161, "contract_label": "cBTC 2021-06-25 Call $50,000.00", "open_interest": 14540, "contract_type": "options_contract", "last_ask": 77000, "last_bid": 800, "vwap": 0, "volume": 0, "contract_is_call": true}, {"contract_id": 21786162, "contract_label": "cBTC 2021-06-25 Put $50,000.00", "open_interest": 108, "contract_type": "options_contract", "last_ask": 3850000, "last_bid": 3680000, "vwap": 0, "volume": 0, "contract_is_call": false}, {"contract_id": 21786159, "contract_label": "cBTC 2021-06-25 Call $25,000.00", "open_interest": 25623, "contract_type": "options_contract", "last_ask": 206000, "last_bid": 120100, "vwap": 123000.0, "volume": 2, "contract_is_call": true}, {"contract_id": 21786158, "contract_label": "cBTC 2021-06-25 Put $10,000.00", "open_interest": 681, "contract_type": "options_contract", "last_ask": 215000, "last_bid": 145000, "vwap": 0, "volume": 0, "contract_is_call": false}, {"contract_id": 22203062, "contract_label": "cBTC 2021-06-25 Put $15,000.00", "open_interest": 11, "contract_type": "options_contract", "last_ask": 587000, "last_bid": 452000, "vwap": 0, "volume": 0, "contract_is_call": false}, {"contract_id": 22203061, "contract_label": "cBTC 2021-06-25 Call $15,000.00", "open_interest": 1322, "contract_type": "options_contract", "last_ask": 353000, "last_bid": 258000, "vwap": 272500.0, "volume": 6, "contract_is_call": true}, {"contract_id": 21786157, "contract_label": "cBTC 2021-06-25 Call $10,000.00", "open_interest": 35474, "contract_type": "options_contract", "last_ask": 516000, "last_bid": 417000, "vwap": 454280.0, "volume": 251, "contract_is_call": true}, {"contract_id": 22202473, "contract_label": "cBTC 2021-06-25 Call $75,000.00", "open_interest": 1551, "contract_type": "options_contract", "last_ask": 54100, "last_bid": null, "vwap": 0, "volume": 0, "contract_is_call": true}, {"contract_id": 22202474, "contract_label": "cBTC 2021-06-25 Put $75,000.00", "open_interest": 3, "contract_type": "options_contract", "last_ask": 6280000, "last_bid": 6170000, "vwap": 0, "volume": 0, "contract_is_call": false}, {"contract_id": 21786160, "contract_label": "cBTC 2021-06-25 Put $25,000.00", "open_interest": 14, "contract_type": "options_contract", "last_ask": 1420000, "last_bid": 1280000, "vwap": 0, "volume": 0, "contract_is_call": false}, {"contract_id": 20925836, "contract_label": "cBTC 2020-12-18 Put $25,000.00", "open_interest": 111, "contract_type": "options_contract", "last_ask": 1400000, "last_bid": 1250000, "vwap": 1240000.0, "volume": 1, "contract_is_call": false}, {"contract_id": 20925834, "contract_label": "cBTC 2020-12-18 Put $20,000.00", "open_interest": 6, "contract_type": "options_contract", "last_ask": 904000, "last_bid": 791000, "vwap": 0, "volume": 0, "contract_is_call": false}, {"contract_id": 21467079, "contract_label": "cBTC 2020-12-18 Call $40,000.00", "open_interest": 4000, "contract_type": "options_contract", "last_ask": 32000, "last_bid": 11200, "vwap": 0, "volume": 0, "contract_is_call": true}, {"contract_id": 20929227, "contract_label": "cBTC 2020-12-18 Call $7,500.00", "open_interest": 16079, "contract_type": "options_contract", "last_ask": 663000, "last_bid": 447000, "vwap": 491903.0, "volume": 31, "contract_is_call": true}, {"contract_id": 20933734, "contract_label": "cBTC 2020-12-18 Put $100,000.00", "open_interest": 2, "contract_type": "options_contract", "last_ask": 8880000, "last_bid": 8670000, "vwap": 0, "volume": 0, "contract_is_call": false}, {"contract_id": 20927573, "contract_label": "cBTC 2020-12-18 Call $2,000.00", "open_interest": 592, "contract_type": "options_contract", "last_ask": 1030000, "last_bid": 955000, "vwap": 0, "volume": 0, "contract_is_call": true}, {"contract_id": 20925827, "contract_label": "cBTC 2020-12-18 Call $5,000.00", "open_interest": 16625, "contract_type": "options_contract", "last_ask": 737000, "last_bid": 649000, "vwap": 0, "volume": 0, "contract_is_call": true}, {"contract_id": 20929228, "contract_label": "cBTC 2020-12-18 Put $7,500.00", "open_interest": 3760, "contract_type": "options_contract", "last_ask": 32000, "last_bid": 13300, "vwap": 0, "volume": 0, "contract_is_call": false}, {"contract_id": 20925829, "contract_label": "cBTC 2020-12-18 Call $10,000.00", "open_interest": 35782, "contract_type": "options_contract", "last_ask": 441000, "last_bid": 305000, "vwap": 330125.0, "volume": 12, "contract_is_call": true}, {"contract_id": 20927574, "contract_label": "cBTC 2020-12-18 Put $2,000.00", "open_interest": 5333, "contract_type": "options_contract", "last_ask": 15100, "last_bid": null, "vwap": 0, "volume": 0, "contract_is_call": false}, {"contract_id": 20925832, "contract_label": "cBTC 2020-12-18 Put $15,000.00", "open_interest": 805, "contract_type": "options_contract", "last_ask": 447000, "last_bid": 386000, "vwap": 0, "volume": 0, "contract_is_call": false}, {"contract_id": 21467080, "contract_label": "cBTC 2020-12-18 Put $40,000.00", "open_interest": 2, "contract_type": "options_contract", "last_ask": 2910000, "last_bid": 2700000, "vwap": 0, "volume": 0, "contract_is_call": false}, {"contract_id": 20930945, "contract_label": "cBTC 2020-12-18 Call $50,000.00", "open_interest": 13769, "contract_type": "options_contract", "last_ask": 20500, "last_bid": 20500, "vwap": 0, "volume": 0, "contract_is_call": true}, {"contract_id": 22202755, "contract_label": "cBTC 2020-12-18 Call $13,000.00", "open_interest": 5866, "contract_type": "options_contract", "last_ask": 197000, "last_bid": 153500, "vwap": 168000.0, "volume": 244, "contract_is_call": true}, {"contract_id": 22202756, "contract_label": "cBTC 2020-12-18 Put $13,000.00", "open_interest": 4, "contract_type": "options_contract", "last_ask": 287000, "last_bid": 255000, "vwap": 0, "volume": 0, "contract_is_call": false}, {"contract_id": 20925833, "contract_label": "cBTC 2020-12-18 Call $20,000.00", "open_interest": 39442, "contract_type": "options_contract", "last_ask": 91900, "last_bid": 17700, "vwap": 72100.0, "volume": 250, "contract_is_call": true}, {"contract_id": 22202472, "contract_label": "cBTC 2020-12-18 Put $75,000.00", "open_interest": 2, "contract_type": "options_contract", "last_ask": 6310000, "last_bid": 6260000, "vwap": 0, "volume": 0, "contract_is_call": false}, {"contract_id": 22202471, "contract_label": "cBTC 2020-12-18 Call $75,000.00", "open_interest": 1000, "contract_type": "options_contract", "last_ask": 20100, "last_bid": null, "vwap": 0, "volume": 0, "contract_is_call": true}, {"contract_id": 20933733, "contract_label": "cBTC 2020-12-18 Call $100,000.00", "open_interest": 5570, "contract_type": "options_contract", "last_ask": 22600, "last_bid": 8500, "vwap": 0, "volume": 0, "contract_is_call": true}, {"contract_id": 22202470, "contract_label": "cBTC 2020-12-18 Put $12,000.00", "open_interest": 13, "contract_type": "options_contract", "last_ask": 224000, "last_bid": 192000, "vwap": 0, "volume": 0, "contract_is_call": false}, {"contract_id": 20925830, "contract_label": "cBTC 2020-12-18 Put $10,000.00", "open_interest": 3401, "contract_type": "options_contract", "last_ask": 120000, "last_bid": 91500, "vwap": 0, "volume": 0, "contract_is_call": false}, {"contract_id": 22202469, "contract_label": "cBTC 2020-12-18 Call $12,000.00", "open_interest": 2523, "contract_type": "options_contract", "last_ask": 223000, "last_bid": 182400, "vwap": 228000.0, "volume": 1, "contract_is_call": true}, {"contract_id": 20925828, "contract_label": "cBTC 2020-12-18 Put $5,000.00", "open_interest": 7208, "contract_type": "options_contract", "last_ask": 18200, "last_bid": null, "vwap": 0, "volume": 0, "contract_is_call": false}, {"contract_id": 20925831, "contract_label": "cBTC 2020-12-18 Call $15,000.00", "open_interest": 24687, "contract_type": "options_contract", "last_ask": 132000, "last_bid": 104200, "vwap": 0, "volume": 0, "contract_is_call": true}, {"contract_id": 20930946, "contract_label": "cBTC 2020-12-18 Put $50,000.00", "open_interest": 102, "contract_type": "options_contract", "last_ask": 3910000, "last_bid": 3700000, "vwap": 0, "volume": 0, "contract_is_call": false}, {"contract_id": 20925835, "contract_label": "cBTC 2020-12-18 Call $25,000.00", "open_interest": 13952, "contract_type": "options_contract", "last_ask": 51700, "last_bid": 26900, "vwap": 0, "volume": 0, "contract_is_call": true}, {"contract_id": 22204422, "contract_label": "cBTC 2020-11-27 Put $9,000.00", "open_interest": 112, "contract_type": "options_contract", "last_ask": 49400, "last_bid": 29500, "vwap": 31700.0, "volume": 100, "contract_is_call": false}, {"contract_id": 22204425, "contract_label": "cBTC 2020-11-27 Call $11,000.00", "open_interest": 128, "contract_type": "options_contract", "last_ask": 223000, "last_bid": 190000, "vwap": 228000.0, "volume": 1, "contract_is_call": true}, {"contract_id": 22204430, "contract_label": "cBTC 2020-11-27 Put $15,000.00", "open_interest": 503, "contract_type": "options_contract", "last_ask": 403000, "last_bid": 375000, "vwap": 0, "volume": 0, "contract_is_call": false}, {"contract_id": 22204426, "contract_label": "cBTC 2020-11-27 Put $11,000.00", "open_interest": 103, "contract_type": "options_contract", "last_ask": 127000, "last_bid": 100000, "vwap": 0, "volume": 0, "contract_is_call": false}, {"contract_id": 22204424, "contract_label": "cBTC 2020-11-27 Put $10,000.00", "open_interest": 503, "contract_type": "options_contract", "last_ask": 82400, "last_bid": 58900, "vwap": 0, "volume": 0, "contract_is_call": false}, {"contract_id": 22204427, "contract_label": "cBTC 2020-11-27 Call $12,000.00", "open_interest": 418, "contract_type": "options_contract", "last_ask": 172000, "last_bid": 144000, "vwap": 177000.0, "volume": 50, "contract_is_call": true}, {"contract_id": 22204428, "contract_label": "cBTC 2020-11-27 Put $12,000.00", "open_interest": 792, "contract_type": "options_contract", "last_ask": 193000, "last_bid": 163000, "vwap": 0, "volume": 0, "contract_is_call": false}, {"contract_id": 22204429, "contract_label": "cBTC 2020-11-27 Call $15,000.00", "open_interest": 1512, "contract_type": "options_contract", "last_ask": 97600, "last_bid": 68100, "vwap": 69320.0, "volume": 500, "contract_is_call": true}, {"contract_id": 22204421, "contract_label": "cBTC 2020-11-27 Call $9,000.00", "open_interest": 41, "contract_type": "options_contract", "last_ask": 342000, "last_bid": 309000, "vwap": 0, "volume": 0, "contract_is_call": true}, {"contract_id": 22204420, "contract_label": "cBTC 2020-11-27 Put $8,000.00", "open_interest": 200, "contract_type": "options_contract", "last_ask": 26900, "last_bid": 11000, "vwap": 0, "volume": 0, "contract_is_call": false}, {"contract_id": 22204419, "contract_label": "cBTC 2020-11-27 Call $8,000.00", "open_interest": 9, "contract_type": "options_contract", "last_ask": 417000, "last_bid": 387000, "vwap": 0, "volume": 0, "contract_is_call": true}, {"contract_id": 22204431, "contract_label": "cBTC 2020-11-27 Call $5,000.00", "open_interest": 2, "contract_type": "options_contract", "last_ask": 694000, "last_bid": 662000, "vwap": 0, "volume": 0, "contract_is_call": true}, {"contract_id": 22204423, "contract_label": "cBTC 2020-11-27 Call $10,000.00", "open_interest": 20, "contract_type": "options_contract", "last_ask": 282000, "last_bid": 247000, "vwap": 0, "volume": 0, "contract_is_call": true}, {"contract_id": 22204432, "contract_label": "cBTC 2020-11-27 Put $5,000.00", "open_interest": 403, "contract_type": "options_contract", "last_ask": 9800, "last_bid": null, "vwap": 0, "volume": 0, "contract_is_call": false}, {"contract_id": 22204363, "contract_label": "cBTC 2020-10-30 Call $9,000.00", "open_interest": 59, "contract_type": "options_contract", "last_ask": 315000, "last_bid": 290000, "vwap": 0, "volume": 0, "contract_is_call": true}, {"contract_id": 22204364, "contract_label": "cBTC 2020-10-30 Put $9,000.00", "open_interest": 202, "contract_type": "options_contract", "last_ask": 35900, "last_bid": 18900, "vwap": 0, "volume": 0, "contract_is_call": false}, {"contract_id": 22204365, "contract_label": "cBTC 2020-10-30 Call $10,000.00", "open_interest": 260, "contract_type": "options_contract", "last_ask": 241000, "last_bid": 217000, "vwap": 0, "volume": 0, "contract_is_call": true}, {"contract_id": 22204366, "contract_label": "cBTC 2020-10-30 Put $10,000.00", "open_interest": 690, "contract_type": "options_contract", "last_ask": 57000, "last_bid": 36800, "vwap": 0, "volume": 0, "contract_is_call": false}, {"contract_id": 22204367, "contract_label": "cBTC 2020-10-30 Call $11,000.00", "open_interest": 31, "contract_type": "options_contract", "last_ask": 180000, "last_bid": 156000, "vwap": 0, "volume": 0, "contract_is_call": true}, {"contract_id": 22204371, "contract_label": "cBTC 2020-10-30 Call $5,000.00", "open_interest": 6, "contract_type": "options_contract", "last_ask": 692000, "last_bid": 661000, "vwap": 0, "volume": 0, "contract_is_call": true}, {"contract_id": 22204372, "contract_label": "cBTC 2020-10-30 Put $5,000.00", "open_interest": 0, "contract_type": "options_contract", "last_ask": 10200, "last_bid": null, "vwap": 0, "volume": 0, "contract_is_call": false}, {"contract_id": 22204368, "contract_label": "cBTC 2020-10-30 Put $11,000.00", "open_interest": 1, "contract_type": "options_contract", "last_ask": 123000, "last_bid": 37500, "vwap": 0, "volume": 0, "contract_is_call": false}, {"contract_id": 22204369, "contract_label": "cBTC 2020-10-30 Call $12,000.00", "open_interest": 223, "contract_type": "options_contract", "last_ask": 133000, "last_bid": 108000, "vwap": 111100.0, "volume": 1, "contract_is_call": true}, {"contract_id": 22204373, "contract_label": "cBTC 2020-10-30 Call $15,000.00", "open_interest": 4092, "contract_type": "options_contract", "last_ask": 61000, "last_bid": 35500, "vwap": 64214.0, "volume": 35, "contract_is_call": true}, {"contract_id": 22204362, "contract_label": "cBTC 2020-10-30 Put $8,000.00", "open_interest": 300, "contract_type": "options_contract", "last_ask": 18000, "last_bid": 4600, "vwap": 0, "volume": 0, "contract_is_call": false}, {"contract_id": 22204361, "contract_label": "cBTC 2020-10-30 Call $8,000.00", "open_interest": 12, "contract_type": "options_contract", "last_ask": 402000, "last_bid": 376000, "vwap": 0, "volume": 0, "contract_is_call": true}, {"contract_id": 22204374, "contract_label": "cBTC 2020-10-30 Put $15,000.00", "open_interest": 87, "contract_type": "options_contract", "last_ask": 375000, "last_bid": 351000, "vwap": 0, "volume": 0, "contract_is_call": false}, {"contract_id": 22204370, "contract_label": "cBTC 2020-10-30 Put $12,000.00", "open_interest": 155, "contract_type": "options_contract", "last_ask": 165000, "last_bid": 88400, "vwap": 0, "volume": 0, "contract_is_call": false}, {"contract_id": 22199393, "contract_label": "cBTC 2020-09-25 Call $5,000.00", "open_interest": 150, "contract_type": "options_contract", "last_ask": 696000, "last_bid": 655000, "vwap": 0, "volume": 0, "contract_is_call": true}, {"contract_id": 22199400, "contract_label": "cBTC 2020-09-25 Put $15,000.00", "open_interest": 8, "contract_type": "options_contract", "last_ask": 374000, "last_bid": 288000, "vwap": 0, "volume": 0, "contract_is_call": false}, {"contract_id": 22199398, "contract_label": "cBTC 2020-09-25 Put $10,000.00", "open_interest": 1987, "contract_type": "options_contract", "last_ask": 25400, "last_bid": 8800, "vwap": 0, "volume": 0, "contract_is_call": false}, {"contract_id": 22199391, "contract_label": "cBTC 2020-09-25 Call $2,000.00", "open_interest": 10, "contract_type": "options_contract", "last_ask": 1017600, "last_bid": 934000, "vwap": 0, "volume": 0, "contract_is_call": true}, {"contract_id": 22199399, "contract_label": "cBTC 2020-09-25 Call $15,000.00", "open_interest": 10435, "contract_type": "options_contract", "last_ask": 32300, "last_bid": 8800, "vwap": 20000.0, "volume": 10, "contract_is_call": true}, {"contract_id": 22199392, "contract_label": "cBTC 2020-09-25 Put $2,000.00", "open_interest": 845, "contract_type": "options_contract", "last_ask": 8100, "last_bid": null, "vwap": 0, "volume": 0, "contract_is_call": false}, {"contract_id": 22200646, "contract_label": "cBTC 2020-09-25 Put $9,000.00", "open_interest": 841, "contract_type": "options_contract", "last_ask": 16000, "last_bid": 1000, "vwap": 0, "volume": 0, "contract_is_call": false}, {"contract_id": 22199394, "contract_label": "cBTC 2020-09-25 Put $5,000.00", "open_interest": 2072, "contract_type": "options_contract", "last_ask": 8100, "last_bid": 5000, "vwap": 5000.0, "volume": 19, "contract_is_call": false}, {"contract_id": 22201624, "contract_label": "cBTC 2020-09-25 Put $12,000.00", "open_interest": 662, "contract_type": "options_contract", "last_ask": 115000, "last_bid": 72900, "vwap": 0, "volume": 0, "contract_is_call": false}, {"contract_id": 22199892, "contract_label": "cBTC 2020-09-25 Put $4,000.00", "open_interest": 252, "contract_type": "options_contract", "last_ask": 9100, "last_bid": 3500, "vwap": 0, "volume": 0, "contract_is_call": false}, {"contract_id": 22200643, "contract_label": "cBTC 2020-09-25 Call $20,000.00", "open_interest": 2614, "contract_type": "options_contract", "last_ask": 21500, "last_bid": 5000, "vwap": 21000.0, "volume": 50, "contract_is_call": true}, {"contract_id": 22200645, "contract_label": "cBTC 2020-09-25 Call $9,000.00", "open_interest": 404, "contract_type": "options_contract", "last_ask": 314000, "last_bid": 279100, "vwap": 0, "volume": 0, "contract_is_call": true}, {"contract_id": 22200644, "contract_label": "cBTC 2020-09-25 Put $20,000.00", "open_interest": 2, "contract_type": "options_contract", "last_ask": 864000, "last_bid": 782000, "vwap": 0, "volume": 0, "contract_is_call": false}, {"contract_id": 22199396, "contract_label": "cBTC 2020-09-25 Put $7,000.00", "open_interest": 1353, "contract_type": "options_contract", "last_ask": 9300, "last_bid": 5600, "vwap": 5600.0, "volume": 2, "contract_is_call": false}, {"contract_id": 22200647, "contract_label": "cBTC 2020-09-25 Call $8,000.00", "open_interest": 144, "contract_type": "options_contract", "last_ask": 399000, "last_bid": 371000, "vwap": 0, "volume": 0, "contract_is_call": true}, {"contract_id": 22199891, "contract_label": "cBTC 2020-09-25 Call $4,000.00", "open_interest": 20, "contract_type": "options_contract", "last_ask": 806000, "last_bid": 746700, "vwap": 0, "volume": 0, "contract_is_call": true}, {"contract_id": 22201621, "contract_label": "cBTC 2020-09-25 Call $11,000.00", "open_interest": 3790, "contract_type": "options_contract", "last_ask": 159000, "last_bid": 127000, "vwap": 0, "volume": 0, "contract_is_call": true}, {"contract_id": 22199397, "contract_label": "cBTC 2020-09-25 Call $10,000.00", "open_interest": 5000, "contract_type": "options_contract", "last_ask": 224000, "last_bid": 195000, "vwap": 202867.0, "volume": 3, "contract_is_call": true}, {"contract_id": 22201623, "contract_label": "cBTC 2020-09-25 Call $12,000.00", "open_interest": 7432, "contract_type": "options_contract", "last_ask": 98500, "last_bid": 77300, "vwap": 80000.0, "volume": 13, "contract_is_call": true}, {"contract_id": 22201622, "contract_label": "cBTC 2020-09-25 Put $11,000.00", "open_interest": 295, "contract_type": "options_contract", "last_ask": 60500, "last_bid": 30500, "vwap": 41200.0, "volume": 20, "contract_is_call": false}, {"contract_id": 22199395, "contract_label": "cBTC 2020-09-25 Call $7,000.00", "open_interest": 2033, "contract_type": "options_contract", "last_ask": 496000, "last_bid": 455000, "vwap": 0, "volume": 0, "contract_is_call": true}, {"contract_id": 22200648, "contract_label": "cBTC 2020-09-25 Put $8,000.00", "open_interest": 2625, "contract_type": "options_contract", "last_ask": 6900, "last_bid": 7300, "vwap": 0, "volume": 0, "contract_is_call": false}, {"contract_id": 22204994, "contract_label": "cBTC 2020-09-25 Put $13,000.00", "open_interest": 0, "contract_type": "options_contract", "last_ask": 181000, "last_bid": 140000, "vwap": 0, "volume": 0, "contract_is_call": false}, {"contract_id": 22204996, "contract_label": "cBTC 2020-09-25 Put $14,000.00", "open_interest": 0, "contract_type": "options_contract", "last_ask": 260000, "last_bid": 222000, "vwap": 0, "volume": 0, "contract_is_call": false}, {"contract_id": 22204995, "contract_label": "cBTC 2020-09-25 Call $14,000.00", "open_interest": 26, "contract_type": "options_contract", "last_ask": 42500, "last_bid": 21400, "vwap": 0, "volume": 0, "contract_is_call": true}, {"contract_id": 22204993, "contract_label": "cBTC 2020-09-25 Call $13,000.00", "open_interest": 1187, "contract_type": "options_contract", "last_ask": 65900, "last_bid": 42900, "vwap": 0, "volume": 0, "contract_is_call": true}, {"contract_id": 22203025, "contract_label": "cBTC 2020-08-28 Call $9,000.00", "open_interest": 56, "contract_type": "options_contract", "last_ask": 305000, "last_bid": 244000, "vwap": 240500.0, "volume": 1, "contract_is_call": true}, {"contract_id": 22203026, "contract_label": "cBTC 2020-08-28 Put $9,000.00", "open_interest": 881, "contract_type": "options_contract", "last_ask": 5100, "last_bid": 5100, "vwap": 0, "volume": 0, "contract_is_call": false}, {"contract_id": 22203030, "contract_label": "cBTC 2020-08-28 Put $11,000.00", "open_interest": 3225, "contract_type": "options_contract", "last_ask": 8900, "last_bid": 8800, "vwap": 5114.0, "volume": 175, "contract_is_call": false}, {"contract_id": 22203066, "contract_label": "cBTC 2020-08-28 Put $15,000.00", "open_interest": 3, "contract_type": "options_contract", "last_ask": 331000, "last_bid": 320000, "vwap": 0, "volume": 0, "contract_is_call": false}, {"contract_id": 22203019, "contract_label": "cBTC 2020-08-28 Call $5,000.00", "open_interest": 12, "contract_type": "options_contract", "last_ask": 715000, "last_bid": 634000, "vwap": 0, "volume": 0, "contract_is_call": true}, {"contract_id": 22203024, "contract_label": "cBTC 2020-08-28 Put $8,000.00", "open_interest": 913, "contract_type": "options_contract", "last_ask": 5000, "last_bid": 5000, "vwap": 0, "volume": 0, "contract_is_call": false}, {"contract_id": 22203022, "contract_label": "cBTC 2020-08-28 Put $7,000.00", "open_interest": 416, "contract_type": "options_contract", "last_ask": 5000, "last_bid": 5000, "vwap": 3900.0, "volume": 10, "contract_is_call": false}, {"contract_id": 22203023, "contract_label": "cBTC 2020-08-28 Call $8,000.00", "open_interest": 1064, "contract_type": "options_contract", "last_ask": 405000, "last_bid": 344000, "vwap": 0, "volume": 0, "contract_is_call": true}, {"contract_id": 22203021, "contract_label": "cBTC 2020-08-28 Call $7,000.00", "open_interest": 9, "contract_type": "options_contract", "last_ask": 515000, "last_bid": 434000, "vwap": 0, "volume": 0, "contract_is_call": true}, {"contract_id": 22203065, "contract_label": "cBTC 2020-08-28 Call $15,000.00", "open_interest": 10845, "contract_type": "options_contract", "last_ask": 1500, "last_bid": 1500, "vwap": 1500.0, "volume": 300, "contract_is_call": true}, {"contract_id": 22203027, "contract_label": "cBTC 2020-08-28 Call $10,000.00", "open_interest": 4415, "contract_type": "options_contract", "last_ask": 206000, "last_bid": 165000, "vwap": 151094.0, "volume": 77, "contract_is_call": true}, {"contract_id": 22204489, "contract_label": "cBTC 2020-08-28 Call $11,500.00", "open_interest": 424, "contract_type": "options_contract", "last_ask": 51500, "last_bid": 37700, "vwap": 29530.0, "volume": 335, "contract_is_call": true}, {"contract_id": 22203064, "contract_label": "cBTC 2020-08-28 Put $12,000.00", "open_interest": 606, "contract_type": "options_contract", "last_ask": 134000, "last_bid": 45900, "vwap": 40251.0, "volume": 156, "contract_is_call": false}, {"contract_id": 22203029, "contract_label": "cBTC 2020-08-28 Call $11,000.00", "open_interest": 3653, "contract_type": "options_contract", "last_ask": 88900, "last_bid": 45200, "vwap": 68212.0, "volume": 16, "contract_is_call": true}, {"contract_id": 22203020, "contract_label": "cBTC 2020-08-28 Put $5,000.00", "open_interest": 505, "contract_type": "options_contract", "last_ask": 10000, "last_bid": 10000, "vwap": 0, "volume": 0, "contract_is_call": false}, {"contract_id": 22203028, "contract_label": "cBTC 2020-08-28 Put $10,000.00", "open_interest": 17193, "contract_type": "options_contract", "last_ask": 5100, "last_bid": 5100, "vwap": 5200.0, "volume": 100, "contract_is_call": false}, {"contract_id": 22204418, "contract_label": "cBTC 2020-08-28 Put $20,000.00", "open_interest": 7, "contract_type": "options_contract", "last_ask": 830000, "last_bid": 819000, "vwap": 828000.0, "volume": 1, "contract_is_call": false}, {"contract_id": 22204417, "contract_label": "cBTC 2020-08-28 Call $20,000.00", "open_interest": 1849, "contract_type": "options_contract", "last_ask": 10100, "last_bid": null, "vwap": 0, "volume": 0, "contract_is_call": true}, {"contract_id": 22204416, "contract_label": "cBTC 2020-08-28 Put $14,000.00", "open_interest": 6, "contract_type": "options_contract", "last_ask": 231000, "last_bid": 220000, "vwap": 214000.0, "volume": 1, "contract_is_call": false}, {"contract_id": 22203063, "contract_label": "cBTC 2020-08-28 Call $12,000.00", "open_interest": 10221, "contract_type": "options_contract", "last_ask": 29600, "last_bid": 10500, "vwap": 17139.0, "volume": 187, "contract_is_call": true}, {"contract_id": 22204414, "contract_label": "cBTC 2020-08-28 Put $13,000.00", "open_interest": 20, "contract_type": "options_contract", "last_ask": 132000, "last_bid": 120000, "vwap": 114000.0, "volume": 1, "contract_is_call": false}, {"contract_id": 22204415, "contract_label": "cBTC 2020-08-28 Call $14,000.00", "open_interest": 2712, "contract_type": "options_contract", "last_ask": 10600, "last_bid": 300, "vwap": 0, "volume": 0, "contract_is_call": true}, {"contract_id": 22204413, "contract_label": "cBTC 2020-08-28 Call $13,000.00", "open_interest": 4334, "contract_type": "options_contract", "last_ask": 13900, "last_bid": 2000, "vwap": 1900.0, "volume": 2, "contract_is_call": true}, {"contract_id": 22204490, "contract_label": "cBTC 2020-08-28 Put $11,500.00", "open_interest": 463, "contract_type": "options_contract", "last_ask": 20700, "last_bid": 7000, "vwap": 12475.0, "volume": 8, "contract_is_call": false}, {"contract_id": 22204991, "contract_label": "cBTC 2020-08-28 Call $12,500.00", "open_interest": 207, "contract_type": "options_contract", "last_ask": 18100, "last_bid": 2700, "vwap": 6129.0, "volume": 17, "contract_is_call": true}, {"contract_id": 22204992, "contract_label": "cBTC 2020-08-28 Put $12,500.00", "open_interest": 5, "contract_type": "options_contract", "last_ask": 84800, "last_bid": 72700, "vwap": 0, "volume": 0, "contract_is_call": false}, {"contract_id": 22204276, "contract_label": "2020-08-24 Next-Day cBTC", "open_interest": 181, "contract_type": "day_ahead_swap", "last_ask": 1176500, "last_bid": 1138500, "vwap": 1174008.0, "volume": 237}], "report_type": "public_eod_report", "date": "2020-08-24 20:01:00 +00", "desc": null}